BasinName,Area_acres,USGS BCM/Flint,USGS BCM/Reitz,USGS SSEBop-WB/Reitz,USGS Reitz Ensemble,MOD16,PMLv2,SSEBop VIIRS,SSEBop MODIS,OpenET Ensemble,OpenET SSEBop,OpenET eeMETRIC,OpenET DisALEXI,OpenET geeSEBAL,OpenET PT-JPL,WLDAS,TerraClimate
IWV (whole basin),893826.0112583453,99547.63281897512,41883.31142427037,52418.34768155948,310987.60344893124,319354.8502714255,448826.2952776806,424225.73882871825,193130.10705050395,391671.5721564189,496643.38478026807,228581.15812533218,497885.860164189,362332.1123358158,670614.0153126827,257271.45824436302,388807.506438768
