BasinName,Mean_ET,Std_ET,CV_ET,Range_ET,Min_ET,Max_ET,N_Products
Argus Range,50139.596922761826,28498.976490240515,56.83926126119866,99518.83949267004,1258.6982912032483,100777.5377838733,16
Coso Range,28976.35596800888,15265.444624747672,52.68241680079223,55916.41605429189,3512.882052486103,59429.29810677799,16
El Paso Mtns,8257.522251776312,5368.2447702054305,65.01035790791413,18267.080967468544,216.99719114087068,18484.078158609416,16
Indian Wells Valley floor,94576.18930320222,59999.60394834472,63.440496376938725,233603.92162100528,1561.086345641354,235165.00796664663,16
Northern Sierra,38671.75551114347,19833.725256340844,51.2873672120358,63670.58498021651,10987.687441137366,74658.27242135387,16
Rose Valley,52348.116558197304,22459.527185518342,42.90417432793264,78700.49577178275,15737.32261384241,94437.81838562516,16
Southern Sierra,32172.979490961567,15029.391337011477,46.71432852911158,48977.34684292231,8323.123187475992,57300.4700303983,16
Spangler Mtns,8675.089844290898,5715.694715875239,65.88628842428363,19572.593572846235,11.47022179299752,19584.063794639234,16
Volcanics,10193.703797151404,6209.184732484551,60.911959539374564,24175.673421817246,274.0440795500258,24449.71750136727,16
